{
  "baselines": {
    "STL": {
      "accuracy": 0.845992260917634,
      "deod": 0.09975636156827009,
      "group_acc": {
        "0": 0.9175603217158177,
        "1": 0.8107573007754496
      }
    },
    "ITL": {
      "accuracy": 0.8454394693200663,
      "deod": 0.10235292759664608,
      "group_acc": {
        "0": 0.917225201072386,
        "1": 0.8100973436726613
      }
    }
  },
  "mtl": {
    "best_params": {
      "rho": 0.001,
      "lambda": 0.9,
      "theta": 0.5,
      "accuracy": 0.8468363877601791,
      "deod": 0.06901576166120434
    },
    "accuracy": 0.8423438363736871,
    "deod": 0.08579368527962777,
    "group_acc": {
      "0": 0.9165549597855228,
      "1": 0.8058076225045372
    }
  },
  "pred_sensitive": {
    "gender_pred_acc": 0.8527363184079602,
    "best_true_settings": {
      "eps": 0.05,
      "params": {
        "rho": 0.01,
        "lambda": 0.9,
        "theta": 0.5,
        "accuracy": 0.8445697258742946,
        "deod": 0.0316910297091339
      }
    },
    "best_pred_settings": {
      "eps": 0.05,
      "temp": 1.0,
      "params": {
        "rho": 0.01,
        "lambda": 0.9,
        "theta": 0.1,
        "accuracy": 0.8421924897410658,
        "deod": 0.03198401391849415
      }
    },
    "mtl_true": {
      "accuracy": 0.8434494195688226,
      "deod": 0.03199304844350076
    },
    "mtl_pred": {
      "accuracy": 0.8424543946932007,
      "deod": 0.02216893092809913
    }
  },
  "fairness": {
    "mtl": {
      "accuracy": 0.8423438363736871,
      "deod": 0.08579368527962777
    },
    "mtl_fair": {
      "accuracy": 0.8416804864566059,
      "deod": 0.02395519382972283
    }
  }
}